{"cameraMode":{"drawMode":0,"name":"Shaded","section":"Shading Mode"},"sceneLighting":false,"audioPlay":false,"sceneViewState":{"m_AlwaysRefresh":false,"showFog":true,"showSkybox":false,"showFlares":true,"showImageEffects":true,"showParticleSystems":true,"showVisualEffectGraphs":true,"m_FxEnabled":true},"in2DMode":false,"pivot":{"x":-0.2070378065109253,"y":0.3324764370918274,"z":0.30024924874305727},"rotation":{"x":-0.19033902883529664,"y":0.7470681071281433,"z":-0.24121136963367463,"w":-0.5895202159881592},"size":1.1790194511413575,"orthographic":false}